Strategia;Konfiguracja;Indeks sygnału;Wymagane K;MSE;RMSE;Max Error;PRD
Fidelity (MSE);Tolerancja_0.01;0;1723;0.009995614221489094;0.09997806870253644;1.7509420775745257;1.5827875631269355
Fidelity (MSE);Tolerancja_0.1;0;210;0.0993957459527727;0.3152709088272699;3.242418018783976;4.991163361959091
Fidelity (MSE);Tolerancja_1.0;0;25;0.9895960601683335;0.9947844289937059;3.785883788147422;15.748778133414993
Fidelity (MSE);Tolerancja_0.01;1;2100;0.00999794172104021;0.09998970807558251;1.3237190960490506;1.7569237730941423
Fidelity (MSE);Tolerancja_0.1;1;298;0.09990229909361743;0.31607324956980687;3.3156668397942255;5.553737648564253
Fidelity (MSE);Tolerancja_1.0;1;30;0.9598430401706668;0.9797157956114961;3.84021023417862;17.214631438713216
Fidelity (MSE);Tolerancja_0.01;2;1438;0.00999339699671184;0.0999669795318026;2.1000088108895376;1.6725178082196073
Fidelity (MSE);Tolerancja_0.1;2;163;0.09989048178029415;0.3160545550696812;3.530828383924238;5.287814778426912
Fidelity (MSE);Tolerancja_1.0;2;18;0.9562769977588609;0.9778941649068477;3.622623153254529;16.360856485019898
Fidelity (MSE);Tolerancja_0.01;3;1952;0.009997845396302621;0.09998922640116094;1.53131610344714;1.646336977593638
Fidelity (MSE);Tolerancja_0.1;3;273;0.09996384371202123;0.31617059273756193;3.3695949581106657;5.205794231902399
Fidelity (MSE);Tolerancja_1.0;3;30;0.9517317022327472;0.975567374522512;3.8645319509232303;16.0628569758762
Fidelity (MSE);Tolerancja_0.01;4;2640;0.00999627735958627;0.0999813850653524;1.0232457128220602;1.600981114071057
Fidelity (MSE);Tolerancja_0.1;4;532;0.09995503845835768;0.31615666758485056;3.652388786022171;5.062550929456889
Fidelity (MSE);Tolerancja_1.0;4;52;0.9801302262750676;0.9900152656777913;4.7472037694227245;15.852908438467402
Fidelity (MSE);Tolerancja_0.01;5;1996;0.009998878832481182;0.09999439400527002;1.5377714836676528;1.6577902369358473
Fidelity (MSE);Tolerancja_0.1;5;275;0.09985106595259294;0.3159921928665215;3.469784832390907;5.23878140863037
Fidelity (MSE);Tolerancja_1.0;5;27;0.9971495098693622;0.998573737822782;3.9599504059254778;16.555186017087102
Fidelity (MSE);Tolerancja_0.01;6;2080;0.009994464677040198;0.09997231955416558;1.4253994341251337;1.6689116633983818
Fidelity (MSE);Tolerancja_0.1;6;294;0.09982451810766593;0.3159501829524172;3.3098366420253402;5.274389428330222
Fidelity (MSE);Tolerancja_1.0;6;34;0.9692648881809142;0.9845125129630979;3.756145601125552;16.435193491289784
Fidelity (MSE);Tolerancja_0.01;7;2080;0.009986762432561216;0.09993379024414722;1.3405148269854168;1.5139406168742555
Fidelity (MSE);Tolerancja_0.1;7;305;0.09992306962978188;0.3161061050182073;3.2943342889588054;4.788829388536185
Fidelity (MSE);Tolerancja_1.0;7;32;0.9855114720506304;0.9927293045189259;4.156163316134661;15.03928963367378
Fidelity (MSE);Tolerancja_0.01;8;2054;0.009996105723260896;0.09998052672026136;1.335319650534708;1.6557149295947564
Fidelity (MSE);Tolerancja_0.1;8;298;0.09983574408611426;0.3159679478778097;3.250142985525099;5.2325474343464204
Fidelity (MSE);Tolerancja_1.0;8;32;0.9569017802228311;0.978213565752812;3.6085790534761357;16.199582641534807
Fidelity (MSE);Tolerancja_0.01;9;2071;0.009995975442572492;0.09997987518782213;1.4682502949327696;1.4752748700917795
Fidelity (MSE);Tolerancja_0.1;9;296;0.09987093027595442;0.31602362297137604;3.7664064799446457;4.663155544545204
Fidelity (MSE);Tolerancja_1.0;9;26;0.946541765774004;0.9729037803267104;5.086940825642985;14.35589407805255
Fidelity (MSE);Tolerancja_0.01;10;2048;0.00999823882844131;0.09999119375445675;1.5135400031215265;1.600732604870913
Fidelity (MSE);Tolerancja_0.1;10;298;0.09955785949238156;0.31552790604379444;3.6890150833314888;5.0512028908389315
Fidelity (MSE);Tolerancja_1.0;10;30;0.9637576767658448;0.9817116056998841;4.551546006125749;15.715961744420515
Fidelity (MSE);Tolerancja_0.01;11;976;0.009984122382829003;0.09992058037676224;1.8230409975606607;1.9638784488479264
Fidelity (MSE);Tolerancja_0.1;11;102;0.09907745236349431;0.314765710272727;2.4230129750933758;6.186529266644252
Fidelity (MSE);Tolerancja_1.0;11;11;0.9862429776350383;0.9930976677220817;2.9083879077178283;19.518732776437187
Fidelity (MSE);Tolerancja_0.01;12;1620;0.009994324170180648;0.09997161682287953;1.9767891996049674;1.7228185588225007
Fidelity (MSE);Tolerancja_0.1;12;195;0.09981277564711347;0.31593159963370787;3.6162693945787425;5.444473546244226
Fidelity (MSE);Tolerancja_1.0;12;20;0.9720871178610996;0.9859447843875941;3.8117653704860768;16.990862271704838
Fidelity (MSE);Tolerancja_0.01;13;1797;0.00999548789725757;0.09997743694082965;1.8077385146699188;1.992080057523268
Fidelity (MSE);Tolerancja_0.1;13;236;0.09953235172504815;0.3154874826756969;3.622425997320833;6.286181581234462
Fidelity (MSE);Tolerancja_1.0;13;20;0.997368828928297;0.9986835479411369;4.708025098758999;19.89906563425462
Fidelity (MSE);Tolerancja_0.01;14;2102;0.009993064248956221;0.09996531522961462;1.545873499420209;1.5268601280682879
Fidelity (MSE);Tolerancja_0.1;14;292;0.0997527593401791;0.31583660228063987;3.841570686587116;4.824056362941454
Fidelity (MSE);Tolerancja_1.0;14;33;0.9964869511675999;0.9982419301790523;4.477180769262481;15.247046416603377
Fidelity (MSE);Tolerancja_0.01;15;1995;0.009990814420929148;0.09995406155294115;1.5835533243291637;1.500603657847927
Fidelity (MSE);Tolerancja_0.1;15;280;0.09970261597206385;0.3157572104830923;3.844750783952552;4.740441935836911
Fidelity (MSE);Tolerancja_1.0;15;28;0.9754762198568327;0.9876619967665217;4.45172277946075;14.827703667451614
Fidelity (MSE);Tolerancja_0.01;16;2641;0.009990928159595588;0.09995463050602302;1.035805135958956;1.6337774744244231
Fidelity (MSE);Tolerancja_0.1;16;509;0.09999157831819122;0.31621444988834907;3.8611650412406027;5.168585414199142
Fidelity (MSE);Tolerancja_1.0;16;50;0.9801939742394817;0.9900474605994815;5.089546165282199;16.182514322246096
Fidelity (MSE);Tolerancja_0.01;17;1775;0.009998050571006249;0.09999025237995077;1.4050451979893985;1.4133055496286497
Fidelity (MSE);Tolerancja_0.1;17;234;0.09962186745999356;0.31562931970904345;3.0802333297864735;4.461241556579479
Fidelity (MSE);Tolerancja_1.0;17;26;0.9950077104298307;0.9975007320447593;3.288751647879132;14.099107531007446
Fidelity (MSE);Tolerancja_0.01;18;2380;0.009999835789992518;0.09999917894659195;1.2196932040266366;2.3013740468173642
Fidelity (MSE);Tolerancja_0.1;18;398;0.0999411530535922;0.316134707132248;3.8032670457777416;7.275501838679438
Fidelity (MSE);Tolerancja_1.0;18;37;0.9958682329905448;0.9979319781380617;4.8088153851547215;22.96633611564587
Fidelity (MSE);Tolerancja_0.01;19;2204;0.009997608999667017;0.09998804428363932;1.3667389383796635;1.7648627989332404
Fidelity (MSE);Tolerancja_0.1;19;332;0.09961859633995257;0.31562413776508375;3.511344351411492;5.570999044714006
Fidelity (MSE);Tolerancja_1.0;19;31;0.9997972321596662;0.9998986109399624;4.28919691522682;17.648948669773212
Fidelity (MSE);Tolerancja_0.01;20;1348;0.009985805418130362;0.09992900188699155;2.1370463987181516;1.596718455318899
Fidelity (MSE);Tolerancja_0.1;20;155;0.09968360751138514;0.31572710924370295;3.4350470414801335;5.044854773432219
Fidelity (MSE);Tolerancja_1.0;20;16;0.9928189755490061;0.9964030186370403;4.308346937101536;15.921054536223991
Fidelity (MSE);Tolerancja_0.01;21;2212;0.009997580888347088;0.0999879037101343;1.192563669430979;1.4984365504083659
Fidelity (MSE);Tolerancja_0.1;21;335;0.09995509146286242;0.31615675141116695;3.346422073146112;4.737981439697371
Fidelity (MSE);Tolerancja_1.0;21;35;0.9865284615508834;0.9932413913802038;4.459951664866892;14.884892561976079
Fidelity (MSE);Tolerancja_0.01;22;2184;0.009995067346046807;0.09997533368809933;1.4374326495346779;1.6391684396838844
Fidelity (MSE);Tolerancja_0.1;22;318;0.09959705400252256;0.31559000935156767;3.6079306008551217;5.174328148006067
Fidelity (MSE);Tolerancja_1.0;22;35;0.9958743524160749;0.9979350441867821;4.603295247645657;16.36187216327574
Fidelity (MSE);Tolerancja_0.01;23;2330;0.009986364806728931;0.09993180077797523;1.174163158677211;1.7470139077005904
Fidelity (MSE);Tolerancja_0.1;23;377;0.0999639621895421;0.31617078010078997;3.636003495456022;5.527317087698905
Fidelity (MSE);Tolerancja_1.0;23;39;0.9973910481370167;0.9986946721280817;4.764061781432949;17.459241884679173
Fidelity (MSE);Tolerancja_0.01;24;1780;0.009988607155411522;0.09994301954319532;1.4412386980011789;1.5844610181947816
Fidelity (MSE);Tolerancja_0.1;24;228;0.0999832758117691;0.3162013216477267;3.230705122866487;5.012943078390352
Fidelity (MSE);Tolerancja_1.0;24;28;0.9532190326377066;0.976329366882768;3.9764603046250135;15.478377877866134
Fidelity (MSE);Tolerancja_0.01;25;2118;0.009991151437503775;0.09995574739605409;1.2403375389577924;1.6091666805617497
Fidelity (MSE);Tolerancja_0.1;25;314;0.09983678532280191;0.3159695955670449;3.680050593314281;5.086728462370859
Fidelity (MSE);Tolerancja_1.0;25;30;0.992835343812582;0.9964112322794149;4.033621317583976;16.041016118546928
Fidelity (MSE);Tolerancja_0.01;26;1146;0.009985695568858352;0.09992845224888831;1.836434480158423;1.4608468418766527
Fidelity (MSE);Tolerancja_0.1;26;132;0.09917194796998823;0.31491577916958724;2.6780484367836066;4.603731080625586
Fidelity (MSE);Tolerancja_1.0;26;14;0.9429748797044444;0.9710689366386118;3.6742967315531203;14.195986802635751
Fidelity (MSE);Tolerancja_0.01;27;2146;0.009994056757227456;0.09997027936955791;1.3693825855498725;1.7923173361714384
Fidelity (MSE);Tolerancja_0.1;27;317;0.09983910862416581;0.31597327200914604;3.7220842686208853;5.664927384020679
Fidelity (MSE);Tolerancja_1.0;27;31;0.989789886899358;0.9948818456979492;4.817326605574934;17.836740986738306
Fidelity (MSE);Tolerancja_0.01;28;2060;0.009986790735847422;0.09993393185423768;1.5080411766371622;1.669379022617723
Fidelity (MSE);Tolerancja_0.1;28;306;0.09984629713408735;0.3159846469910957;3.6456394662756466;5.27846879802151
Fidelity (MSE);Tolerancja_1.0;28;22;0.9710351708674052;0.9854111684304198;6.550402959614614;16.46112289097535
Fidelity (MSE);Tolerancja_0.01;29;2481;0.009988914043467759;0.09994455484651357;1.123680050519961;1.6483257699963005
Fidelity (MSE);Tolerancja_0.1;29;432;0.09965565143096397;0.3156828336019619;3.6286777960593524;5.206368176542232
Fidelity (MSE);Tolerancja_1.0;29;42;0.9701490788604562;0.9849614605965333;4.509365613075621;16.2443803011355
Fidelity (MSE);Tolerancja_0.01;30;1879;0.00999770525489958;0.09998852561619048;1.974139864052737;1.9867222735869847
Fidelity (MSE);Tolerancja_0.1;30;244;0.09980519930389832;0.3159196089259075;4.055281949870173;6.277165503222099
Fidelity (MSE);Tolerancja_1.0;30;27;0.9955184273653129;0.9977566974795573;4.79368174542304;19.82492933351397
Fidelity (MSE);Tolerancja_0.01;31;1798;0.009999522577601847;0.09999761285951704;1.664467190743558;1.6327016737686624
Fidelity (MSE);Tolerancja_0.1;31;224;0.09985684114809158;0.31600133092772187;3.5120526762931563;5.159482183276072
Fidelity (MSE);Tolerancja_1.0;31;23;0.9787840766264915;0.9893351690031501;3.811746224477667;16.153277464922144
Fidelity (MSE);Tolerancja_0.01;32;1871;0.009999558537961327;0.099997792665445;1.4952605927910199;1.511573294259977
Fidelity (MSE);Tolerancja_0.1;32;256;0.09948870035116834;0.3154182942556889;3.250760367944811;4.767883944329189
Fidelity (MSE);Tolerancja_1.0;32;26;0.9621114830566159;0.9808728169628395;4.270316474412047;14.82693883201011
Fidelity (MSE);Tolerancja_0.01;33;1784;0.00998865722419685;0.09994327002953651;1.8340855182713272;1.6686052544571401
Fidelity (MSE);Tolerancja_0.1;33;226;0.09952291111662778;0.31547252038272333;3.812190023164332;5.266979007109545
Fidelity (MSE);Tolerancja_1.0;33;24;0.9761963082366155;0.9880264714250401;4.668908007156822;16.495619577739916
Fidelity (MSE);Tolerancja_0.01;34;2468;0.009998467026134867;0.0999923348369007;1.2303545132249525;1.519824619022276
Fidelity (MSE);Tolerancja_0.1;34;432;0.09995745480564307;0.3161604890014612;3.998411821434088;4.805453293298014
Fidelity (MSE);Tolerancja_1.0;34;42;0.9877332672270437;0.9938477082667363;5.051745009108937;15.105900037702053
Fidelity (MSE);Tolerancja_0.01;35;2127;0.009997713594026953;0.09998856731660352;1.5534092661968941;1.605013152629056
Fidelity (MSE);Tolerancja_0.1;35;292;0.09976160661226748;0.3158506080606265;3.8471288343977785;5.070023441760129
Fidelity (MSE);Tolerancja_1.0;35;34;0.9616618337539731;0.9806435814066051;4.6195329918740455;15.741258110191
Fidelity (MSE);Tolerancja_0.01;36;2175;0.009997575493861996;0.09998787673444215;1.325908075291121;1.644468261702944
Fidelity (MSE);Tolerancja_0.1;36;324;0.0996754463449595;0.3157141845799132;3.5458128735553727;5.19244905749912
Fidelity (MSE);Tolerancja_1.0;36;35;0.995200207061031;0.9975972168470755;4.254983271648482;16.40715869410104
Fidelity (MSE);Tolerancja_0.01;37;1824;0.009994432332777699;0.09997215778794463;1.5193675034965455;1.8562722506530678
Fidelity (MSE);Tolerancja_0.1;37;236;0.09951228531027545;0.3154556788366243;2.984979394973249;5.857347044338423
Fidelity (MSE);Tolerancja_1.0;37;26;0.9495682789544455;0.9744579410905561;3.303077193617033;18.093630021588336
Fidelity (MSE);Tolerancja_0.01;38;1701;0.009999073606104266;0.09999536792324065;1.5546321873814124;1.4495659568086117
Fidelity (MSE);Tolerancja_0.1;38;210;0.09952854679206873;0.3154814523740956;3.1643966185186323;4.573323573518642
Fidelity (MSE);Tolerancja_1.0;38;22;0.9528764737886642;0.976153919107363;3.347406018890971;14.150650366420328
Fidelity (MSE);Tolerancja_0.01;39;2364;0.009995729337568192;0.09997864440753432;1.0714936829112318;1.8722876648389157
Fidelity (MSE);Tolerancja_0.1;39;385;0.09989390706034534;0.31605997383462736;3.4555864428870797;5.918815901801616
Fidelity (MSE);Tolerancja_1.0;39;40;0.9922820800036123;0.996133565343329;4.502375199217623;18.654469641756577
Fidelity (MSE);Tolerancja_0.01;40;2427;0.009998685156280563;0.09999342556528686;1.0614014132913567;1.6313289587735085
Fidelity (MSE);Tolerancja_0.1;40;410;0.09984542786777874;0.31598327149989874;3.397118125291261;5.155065529275408
Fidelity (MSE);Tolerancja_1.0;40;38;0.9583398968559959;0.9789483627117397;4.951620741872974;15.970918129941273
Fidelity (MSE);Tolerancja_0.01;41;2066;0.00999898732568392;0.09999493650022445;1.478589818863252;1.4034074925261537
Fidelity (MSE);Tolerancja_0.1;41;308;0.09959474039342561;0.31558634380059225;3.7227248401620123;4.429186666143757
Fidelity (MSE);Tolerancja_1.0;41;29;0.9898928103238882;0.9949335708095733;4.032462563321594;13.963679329271054
Fidelity (MSE);Tolerancja_0.01;42;2454;0.00999652058355154;0.09998260140420202;1.0862096430622117;1.5524886997375102
Fidelity (MSE);Tolerancja_0.1;42;436;0.09967581658296133;0.3157147709293332;3.792343633473992;4.90228907154047
Fidelity (MSE);Tolerancja_1.0;42;40;0.9993694732805628;0.999684686929115;4.611394083510523;15.522692528110749
Fidelity (MSE);Tolerancja_0.01;43;1400;0.009985734858654137;0.09992864883832933;2.2067135370851743;1.67178563658343
Fidelity (MSE);Tolerancja_0.1;43;165;0.09978002283921528;0.31587976009743846;3.35596570981824;5.2846030838732005
Fidelity (MSE);Tolerancja_1.0;43;16;0.9934852470162218;0.99673730090542;4.153366103657228;16.67520898632893
Fidelity (MSE);Tolerancja_0.01;44;1656;0.009989857505096145;0.09994927466018022;1.5321651685329252;1.6681017538434353
Fidelity (MSE);Tolerancja_0.1;44;194;0.09965485918867761;0.31568157879210756;3.0552513442862077;5.26856244859746
Fidelity (MSE);Tolerancja_1.0;44;21;0.993723188933028;0.9968566541549633;3.5427752773964953;16.63702251747181
Fidelity (MSE);Tolerancja_0.01;45;1364;0.009989889005218662;0.09994943224060186;2.084292297296063;1.6931861899008527
Fidelity (MSE);Tolerancja_0.1;45;152;0.09928855413835463;0.3151008634363839;3.3084976524990743;5.3379435824307695
Fidelity (MSE);Tolerancja_1.0;45;15;0.9629602785640109;0.9813053951568853;4.088310528971012;16.62373368119927
Fidelity (MSE);Tolerancja_0.01;46;2337;0.009997928112645662;0.09998964002658306;1.1472479533636704;1.6101611077616922
Fidelity (MSE);Tolerancja_0.1;46;368;0.0997375275520772;0.31581248796093736;3.17826199012944;5.085616723142195
Fidelity (MSE);Tolerancja_1.0;46;36;0.9709816701440617;0.9853840216606222;4.020692303152346;15.867914190569355
Fidelity (MSE);Tolerancja_0.01;47;2241;0.009999501336022076;0.09999750664902639;1.3527049397002475;1.7201079463635114
Fidelity (MSE);Tolerancja_0.1;47;340;0.09955237320387328;0.31551921209947464;3.7472624095987275;5.427406363916022
Fidelity (MSE);Tolerancja_1.0;47;32;0.9647278835626711;0.9822056218341815;4.250117667764687;16.895418212873405
Fidelity (MSE);Tolerancja_0.01;48;2660;0.009994355594541494;0.09997177398916904;0.8823780800955188;1.429194563307466
Fidelity (MSE);Tolerancja_0.1;48;499;0.09993397187589455;0.316123349146966;3.4179935138206274;4.519293335580301
Fidelity (MSE);Tolerancja_1.0;48;47;0.9942670193905527;0.9971293894929347;4.755541117311612;14.25494262542335
Fidelity (MSE);Tolerancja_0.01;49;2211;0.009999849322120839;0.0999992466077662;1.335754833265388;1.8732365527702324
Fidelity (MSE);Tolerancja_0.1;49;334;0.09990450889494705;0.31607674526125307;3.6178750114176923;5.920909734714357
Fidelity (MSE);Tolerancja_1.0;49;37;0.9866635225088516;0.993309379050078;4.124097909540054;18.60717455546911
Fidelity (MSE);Tolerancja_0.01;50;2602;0.009988388666960722;0.09994192647213042;1.058793949439016;1.6755213871129155
Fidelity (MSE);Tolerancja_0.1;50;494;0.09988046486766321;0.3160387078629186;3.862563140305787;5.298373093973873
Fidelity (MSE);Tolerancja_1.0;50;52;0.9802234145764717;0.990062328632128;4.7438597912796245;16.59834530666702
Fidelity (MSE);Tolerancja_0.01;51;1736;0.009992629785429866;0.09996314213463814;1.9196025241750325;1.6576361434876643
Fidelity (MSE);Tolerancja_0.1;51;210;0.09938454255230367;0.3152531404321037;3.6686997739058222;5.227676809362421
Fidelity (MSE);Tolerancja_1.0;51;22;0.9860965047992409;0.9930239195504008;4.6316906768922514;16.4667927122326
Fidelity (MSE);Tolerancja_0.01;52;2048;0.009991508331774685;0.09995753264149074;1.3792895082135432;1.615821874678223
Fidelity (MSE);Tolerancja_0.1;52;294;0.09961837948554496;0.3156237942322235;3.641881709038728;5.102085029634633
Fidelity (MSE);Tolerancja_1.0;52;28;0.9803845840718055;0.9901437188973152;4.879946375567692;16.00575602248746
Fidelity (MSE);Tolerancja_0.01;53;1606;0.009999068263357827;0.09999534120826743;1.637328608577035;1.6388506517591481
Fidelity (MSE);Tolerancja_0.1;53;206;0.09943951544325812;0.3153403168693437;3.0229476118093004;5.168197613835759
Fidelity (MSE);Tolerancja_1.0;53;22;0.9422087349314315;0.9706743712138647;3.295272105639313;15.908644409707959
Fidelity (MSE);Tolerancja_0.01;54;2340;0.009992995780362736;0.09996497276727852;1.1950595852115988;1.7040089178910534
Fidelity (MSE);Tolerancja_0.1;54;382;0.0997159959936367;0.31577839697109855;3.4942838462405597;5.382777483156836
Fidelity (MSE);Tolerancja_1.0;54;43;0.9968116556209472;0.9984045550882403;5.1009598237022695;17.018863892396254
Fidelity (MSE);Tolerancja_0.01;55;2385;0.009995223605510795;0.09997611517512968;1.043416222190145;1.5545831666308565
Fidelity (MSE);Tolerancja_0.1;55;400;0.09982085393664544;0.3159443842460971;3.4966444316103393;4.912791625081232
Fidelity (MSE);Tolerancja_1.0;55;42;0.9728760973159278;0.9863448166416894;3.879144353978382;15.337213751092124
Fidelity (MSE);Tolerancja_0.01;56;2160;0.009988130517309199;0.0999406349655094;1.2416737194281566;1.836949264390924
Fidelity (MSE);Tolerancja_0.1;56;314;0.09972278349876418;0.3157891440483098;3.382709568202964;5.804332102376349
Fidelity (MSE);Tolerancja_1.0;56;34;0.9573931430239986;0.97846468665149;4.337241883584831;17.984576413760525
Fidelity (MSE);Tolerancja_0.01;57;2574;0.00998935578367806;0.09994676474843026;0.9089379136316165;1.706199589198199
Fidelity (MSE);Tolerancja_0.1;57;496;0.09998628069506055;0.31620607314702315;3.368033277814024;5.397980349472992
Fidelity (MSE);Tolerancja_1.0;57;50;0.967815468001265;0.9837761269726283;4.41679994667572;16.79412463153347
Fidelity (MSE);Tolerancja_0.01;58;1858;0.009997707348138181;0.099988536083584;1.7253716961574932;1.6013513456984083
Fidelity (MSE);Tolerancja_0.1;58;251;0.09991834220104762;0.3160986273317991;3.6517530325269325;5.062429975252943
Fidelity (MSE);Tolerancja_1.0;58;25;0.9814210687988628;0.99066698178493;5.0753474198695425;15.865877895183347
Fidelity (MSE);Tolerancja_0.01;59;1696;0.00999741003801594;0.09998704935148321;1.679001861236764;1.7138239698371365
Fidelity (MSE);Tolerancja_0.1;59;206;0.09981745916496333;0.3159390117806969;3.285462806870334;5.415339835592254
Fidelity (MSE);Tolerancja_1.0;59;20;0.9347545361986102;0.9668270456491224;4.0034926224391585;16.571859818520686
Fidelity (MSE);Tolerancja_0.01;60;2037;0.009997058601063554;0.09998529192368023;1.609450138020387;1.622429158160481
Fidelity (MSE);Tolerancja_0.1;60;277;0.09989420701853662;0.3160604483616016;4.212690056570864;5.128611191679592
Fidelity (MSE);Tolerancja_1.0;60;27;0.9847557040593415;0.9923485799150122;4.450767226095667;16.102521082222804
Fidelity (MSE);Tolerancja_0.01;61;1680;0.009992053624472525;0.09996026022611448;1.787891463055046;1.6994716410412822
Fidelity (MSE);Tolerancja_0.1;61;202;0.09935145142530405;0.31520065264098684;3.320710737880848;5.358875308941191
Fidelity (MSE);Tolerancja_1.0;61;25;0.9878511742457702;0.9939070249504076;3.8778267359752796;16.89788320792755
Fidelity (MSE);Tolerancja_0.01;62;2373;0.009999644458701874;0.09999822227770788;1.2183702461388073;1.6596206199431756
Fidelity (MSE);Tolerancja_0.1;62;404;0.09992046047996976;0.316101977975415;4.0722021446176475;5.246186869161682
Fidelity (MSE);Tolerancja_1.0;62;40;0.9742529664066003;0.9870425352570174;4.923702821465197;16.381452659471048
Fidelity (MSE);Tolerancja_0.01;63;1732;0.009991250596857047;0.09995624341108987;1.5808386720310228;1.6514980578256142
Fidelity (MSE);Tolerancja_0.1;63;208;0.0999863210727001;0.3162061369940503;3.1031218728105534;5.224424241020207
Fidelity (MSE);Tolerancja_1.0;63;22;0.9627613425488551;0.9812040269734196;3.446112264575574;16.211659117808434
Fidelity (MSE);Tolerancja_0.01;64;1496;0.009991001879135044;0.09995499927034687;1.837247404251313;1.5071632524054868
Fidelity (MSE);Tolerancja_0.1;64;176;0.09940243182084561;0.315281512018776;3.4623161504018407;4.7539464013433035
Fidelity (MSE);Tolerancja_1.0;64;21;0.9977046616732365;0.9988516715074548;3.690819690206305;15.061102945217481
Fidelity (MSE);Tolerancja_0.01;65;2161;0.009995781483932728;0.09997890519470959;1.3248243280008953;1.5323089528734113
Fidelity (MSE);Tolerancja_0.1;65;323;0.09992276980565766;0.3161056307718318;3.5898080179437204;4.844736868663025
Fidelity (MSE);Tolerancja_1.0;65;36;0.9843486868087588;0.9921434809586559;3.9936952573727402;15.205911041406212
Fidelity (MSE);Tolerancja_0.01;66;2362;0.009990434370007704;0.09995216040690519;1.310740502593976;1.6949957274098606
Fidelity (MSE);Tolerancja_0.1;66;372;0.099970313711623;0.3161808243894987;3.7889288101138305;5.361816535504353
Fidelity (MSE);Tolerancja_1.0;66;38;0.9768014166919962;0.9883326447568127;4.004642259026089;16.760214119461423
Fidelity (MSE);Tolerancja_0.01;67;2196;0.00998988912863144;0.09994943285797794;1.3703259719466594;1.629827638092023
Fidelity (MSE);Tolerancja_0.1;67;310;0.09967491953466258;0.31571335026359365;3.4772560403618025;5.148186730637967
Fidelity (MSE);Tolerancja_1.0;67;32;0.9553445824717377;0.9774173021139628;4.863739081969507;15.938276860442663
Fidelity (MSE);Tolerancja_0.01;68;1991;0.009999542550778711;0.09999771272773549;1.7937748797446158;1.5453924323500723
Fidelity (MSE);Tolerancja_0.1;68;274;0.09967230864800038;0.31570921533588525;3.910139670188567;4.8790579193711245
Fidelity (MSE);Tolerancja_1.0;68;30;0.9967034165615911;0.9983503476042822;4.192092261969433;15.428783618505676
Fidelity (MSE);Tolerancja_0.01;69;1610;0.009997118332076258;0.09998559062223045;1.5880168334096885;1.7793724672402138
Fidelity (MSE);Tolerancja_0.1;69;204;0.09942570349370444;0.3153184160395717;3.033788952121297;5.611497661042598
Fidelity (MSE);Tolerancja_1.0;69;21;0.980234881886783;0.9900681198214509;3.2011752771114157;17.619538396874606
Fidelity (MSE);Tolerancja_0.01;70;2803;0.009996013473247724;0.0999800653792931;0.8189256659774637;1.6192281566368367
Fidelity (MSE);Tolerancja_0.1;70;586;0.09985906822509194;0.31600485474924583;3.5403463411069094;5.1178598103806365
Fidelity (MSE);Tolerancja_1.0;70;67;0.9919146607313092;0.9959491255738464;4.155643164489482;16.12990410227326
Fidelity (MSE);Tolerancja_0.01;71;2049;0.009998884506078356;0.09999442237484227;1.4803300264831427;1.6377476030147102
Fidelity (MSE);Tolerancja_0.1;71;286;0.09976969622251379;0.31586341387142924;3.768248714616144;5.1733340386606
Fidelity (MSE);Tolerancja_1.0;71;30;0.9858210234884064;0.9928852015658237;4.435182457670819;16.261860614960828
Fidelity (MSE);Tolerancja_0.01;72;2408;0.009993972578760946;0.09996985835120976;0.9933136712147754;1.5671069597278302
Fidelity (MSE);Tolerancja_0.1;72;414;0.09972618851860016;0.3157945352893241;2.987972683934942;4.9503302521177055
Fidelity (MSE);Tolerancja_1.0;72;44;0.9660779931465511;0.9828926661373312;3.64829106880957;15.407623489451655
Fidelity (MSE);Tolerancja_0.01;73;1774;0.009995947608533106;0.09997973598951493;1.6683274789491294;1.6912041385506185
Fidelity (MSE);Tolerancja_0.1;73;226;0.09993845514501322;0.31613044007974495;3.418565766158686;5.34749470273418
Fidelity (MSE);Tolerancja_1.0;73;24;0.9938397829615316;0.9969151332794239;3.74703808069666;16.863287170139316
Fidelity (MSE);Tolerancja_0.01;74;2146;0.009991454350361672;0.09995726261938985;1.2895189449150233;1.7456773560510466
Fidelity (MSE);Tolerancja_0.1;74;320;0.09989603043055031;0.31606333294222905;3.6539730593070106;5.519805054047606
Fidelity (MSE);Tolerancja_1.0;74;35;0.9979651134661369;0.998982038610373;4.181743568093158;17.446459398794666
Fidelity (MSE);Tolerancja_0.01;75;2472;0.009991061168738904;0.09995529585139;1.0539760322336313;1.5778404298172355
Fidelity (MSE);Tolerancja_0.1;75;438;0.09974750117880712;0.315828277991074;3.5664881685894736;4.985494982024444
Fidelity (MSE);Tolerancja_1.0;75;42;0.9794516743218639;0.9896725086218491;4.3498822362466765;15.622436841203996
Fidelity (MSE);Tolerancja_0.01;76;1462;0.009991009041995343;0.09995503510076591;2.067392177882363;1.6640557001054908
Fidelity (MSE);Tolerancja_0.1;76;163;0.09975964332539031;0.31584750010945206;3.449686512450425;5.258242692740308
Fidelity (MSE);Tolerancja_1.0;76;19;0.9774450747948223;0.9886582194038658;4.028028856009524;16.45922432818536
Fidelity (MSE);Tolerancja_0.01;77;2083;0.00999571852504663;0.09997859033336402;1.4307043437401585;1.7469532499965998
Fidelity (MSE);Tolerancja_0.1;77;294;0.09965371901855481;0.315679772900569;3.4466350015928486;5.515959000702203
Fidelity (MSE);Tolerancja_1.0;77;31;0.9984601416242865;0.9992297741882428;4.423454913936201;17.459815103324072
Fidelity (MSE);Tolerancja_0.01;78;2248;0.009986704958338316;0.09993350268222523;1.431472533614988;1.9151893126776793
Fidelity (MSE);Tolerancja_0.1;78;350;0.09994208584865212;0.3161361824414474;3.937890164092444;6.058635209533909
Fidelity (MSE);Tolerancja_1.0;78;37;0.9951198596253591;0.9975569455551694;4.660327711111902;19.11781684456523
Fidelity (MSE);Tolerancja_0.01;79;1669;0.009999593806441795;0.0999979690115844;1.6524855308684714;1.6631166097257664
Fidelity (MSE);Tolerancja_0.1;79;217;0.09985064667335922;0.3159915294329252;3.2251554440934456;5.255414348182065
Fidelity (MSE);Tolerancja_1.0;79;23;0.9811407808315332;0.9905255074108558;3.970004955924916;16.473928820906316
Fidelity (MSE);Tolerancja_0.01;80;2046;0.00999957471842351;0.09999787356950902;1.591222475299345;1.824692215414078
Fidelity (MSE);Tolerancja_0.1;80;282;0.0996703375733477;0.31570609365887714;3.7700575121893287;5.760787013712989
Fidelity (MSE);Tolerancja_1.0;80;31;0.9990931015398808;0.9995464479151936;4.843914945200351;18.239034064938085
Fidelity (MSE);Tolerancja_0.01;81;2174;0.009995026999854897;0.09997513190716428;1.5349897079052806;1.551100975301895
Fidelity (MSE);Tolerancja_0.1;81;328;0.0995421265557907;0.3155029739254302;4.101086514079014;4.894986995574187
Fidelity (MSE);Tolerancja_1.0;81;30;0.9760274410987949;0.9879410109408329;4.804951304941116;15.327774381273443
Fidelity (MSE);Tolerancja_0.01;82;2035;0.009998438120067695;0.09999219029538105;1.655714758423712;1.6228756714261197
Fidelity (MSE);Tolerancja_0.1;82;287;0.09987695417473055;0.31603315360058437;4.00576861075222;5.12922574080422
Fidelity (MSE);Tolerancja_1.0;82;28;0.9966040073894905;0.9983005596459869;4.26700836661338;16.202442273088103
Fidelity (MSE);Tolerancja_0.01;83;1736;0.009995598960306528;0.09997799237985593;1.3520215047453013;1.588812523547757
Fidelity (MSE);Tolerancja_0.1;83;218;0.09989512554368336;0.31606190144287144;2.819553702794626;5.022736457047817
Fidelity (MSE);Tolerancja_1.0;83;20;0.957184147930484;0.9783578833588883;4.009735637020064;15.547694253415228
Fidelity (MSE);Tolerancja_0.01;84;1368;0.009991727906473506;0.09995863097538654;2.071762356028038;1.4520525933613349
Fidelity (MSE);Tolerancja_0.1;84;162;0.09920899051243207;0.31497458708986675;3.298264681800047;4.575489495643207
Fidelity (MSE);Tolerancja_1.0;84;18;0.9076048609960977;0.9526829803224668;3.496143459715972;13.839183057329723
Fidelity (MSE);Tolerancja_0.01;85;2050;0.009999778976430921;0.09999889487604811;1.2480294310297708;1.543089472795574
Fidelity (MSE);Tolerancja_0.1;85;291;0.09996454826380123;0.31617170693121993;3.131284447272988;4.878866243133163
Fidelity (MSE);Tolerancja_1.0;85;32;0.9424759019754559;0.9708119807539748;4.313905241997407;14.980663030548083
Fidelity (MSE);Tolerancja_0.01;86;2018;0.009987301217598938;0.0999364859178015;1.6318181706160102;1.506926829365052
Fidelity (MSE);Tolerancja_0.1;86;282;0.0996198410641513;0.31562610960462584;3.8704806989621474;4.759277337433405
Fidelity (MSE);Tolerancja_1.0;86;28;0.9931077233383933;0.9965479031829796;4.52364085643102;15.026791849466251
Fidelity (MSE);Tolerancja_0.01;87;1940;0.009997409469343273;0.09998704650775156;1.4483121894214124;1.7924589481179223
Fidelity (MSE);Tolerancja_0.1;87;260;0.09976412071060739;0.3158545879207826;3.317272359660384;5.662297289467533
Fidelity (MSE);Tolerancja_1.0;87;26;0.9995678196106437;0.9997838864527892;3.8432386353515784;17.923037393823645
Fidelity (MSE);Tolerancja_0.01;88;1371;0.009991320016381689;0.09995659066005447;1.8809526624173172;1.929101604218411
Fidelity (MSE);Tolerancja_0.1;88;164;0.09911322094674598;0.31482252293434465;3.171364641229256;6.075883841438744
Fidelity (MSE);Tolerancja_1.0;88;18;0.9057144598673834;0.9516903172079578;3.1324314142021823;18.367046189968555
Fidelity (MSE);Tolerancja_0.01;89;1735;0.009996089959132214;0.09998044788423492;1.694559393788169;1.6026226040921152
Fidelity (MSE);Tolerancja_0.1;89;216;0.09952487531611368;0.31547563347446295;3.9052359135345363;5.056872538037264
Fidelity (MSE);Tolerancja_1.0;89;26;0.9482354059074894;0.9737737960673872;4.23248689840196;15.60897085255263
Fidelity (MSE);Tolerancja_0.01;90;1786;0.009998271393077041;0.09999135659184268;1.6046728614998091;1.4495553973242596
Fidelity (MSE);Tolerancja_0.1;90;233;0.09983878675321377;0.31597276267617397;3.6422758508919033;4.5805961550687755
Fidelity (MSE);Tolerancja_1.0;90;22;0.9837481724280697;0.9918407999412353;4.652452334588691;14.378524642984184
Fidelity (MSE);Tolerancja_0.01;91;2073;0.009998448191638623;0.0999922406571561;1.6006348426468886;1.4961246483163084
Fidelity (MSE);Tolerancja_0.1;91;302;0.09990745951144546;0.3160814127901947;3.9270938965442266;4.7293388911193315
Fidelity (MSE);Tolerancja_1.0;91;32;0.9958239057086026;0.9979097683200634;4.270202974999304;14.931132569559185
Fidelity (MSE);Tolerancja_0.01;92;1068;0.009991333615900308;0.09995665868715455;2.0910040492345843;1.9243398885315548
Fidelity (MSE);Tolerancja_0.1;92;114;0.09874394304645588;0.3142354897946059;2.9643325243892393;6.049580841798588
Fidelity (MSE);Tolerancja_1.0;92;13;0.9954221339737193;0.9977084413663739;3.7759749994189535;19.20762634588435
Fidelity (MSE);Tolerancja_0.01;93;1596;0.009989705669731634;0.09994851509518105;1.5019819923571243;1.6880459219671784
Fidelity (MSE);Tolerancja_0.1;93;193;0.0999562338516592;0.31615855808701304;2.8586393741328315;5.339650760849945
Fidelity (MSE);Tolerancja_1.0;93;24;0.9501642887757112;0.9747637092012152;3.4242870144614375;16.462934968385998
Fidelity (MSE);Tolerancja_0.01;94;2472;0.00998829950692787;0.09994148041192841;1.3315701621023508;1.5873871868033018
Fidelity (MSE);Tolerancja_0.1;94;439;0.09999316770309892;0.31621696302238267;4.277043251476812;5.0225267154605095
Fidelity (MSE);Tolerancja_1.0;94;43;0.9990336890673267;0.9995167277576332;4.755839252058518;15.875490738164627
Fidelity (MSE);Tolerancja_0.01;95;1328;0.009991563909946816;0.09995781065002783;2.0999417374079883;1.776428858817066
Fidelity (MSE);Tolerancja_0.1;95;150;0.09978167053598365;0.3158823681942119;3.5030711430738304;5.6137939717022
Fidelity (MSE);Tolerancja_1.0;95;15;0.9799687025221371;0.9899336859215051;3.760461462414727;17.592890005795876
Fidelity (MSE);Tolerancja_0.01;96;2027;0.009995882970719835;0.09997941273442165;1.6987478408310963;1.964148778643756
Fidelity (MSE);Tolerancja_0.1;96;282;0.09964071886052865;0.31565918149252153;3.865312134222719;6.201292634546204
Fidelity (MSE);Tolerancja_1.0;96;26;0.9726516865204378;0.9862310512858727;4.693663166205253;19.375033938129686
Fidelity (MSE);Tolerancja_0.01;97;1951;0.00999555192089294;0.09997775713073853;1.3543698974981107;1.7117373281864634
Fidelity (MSE);Tolerancja_0.1;97;254;0.0999732002877315;0.3161853891117227;3.2974197821413926;5.413467442182653
Fidelity (MSE);Tolerancja_1.0;97;28;0.9660236431208494;0.9828650177521069;3.766813950375159;16.827810382412252
Fidelity (MSE);Tolerancja_0.01;98;1858;0.009995576472112756;0.09997787991407277;1.606847116222514;1.618412426753189
Fidelity (MSE);Tolerancja_0.1;98;242;0.09994513093405817;0.31614099850234256;3.5047076289968;5.117597222726602
Fidelity (MSE);Tolerancja_1.0;98;24;0.9817616896667601;0.9908388817899508;3.714654977068773;16.039407522717145
Fidelity (MSE);Tolerancja_0.01;99;1991;0.009993767577503743;0.09996883303061882;1.568972604518164;1.5300295772574497
Fidelity (MSE);Tolerancja_0.1;99;286;0.09994170304483846;0.3161355769995501;3.6235880138576464;4.838475838609751
Fidelity (MSE);Tolerancja_1.0;99;30;0.983970304786953;0.9919527734660321;4.093975164825195;15.181902565379913
